display_name,strategy_bucket,active,cnpj,manager,match_status,notes,source_label,subscription_status,subscription_status_source,subscription_status_checked_at,evidence_note
Verde,Multimercados,True,22.187.946/0001-41,Verde Asset,,Formerly CSHG Verde; managed by Verde Asset Management,CSHG Verde,closed,manual (funds_subscription_status.xlsx),2026-04-08T00:00:00Z,Closed for subscriptions per manual review (funds_subscription_status.xlsx)
Itaú Artax,Multimercados,True,42.698.615/0001-83,Itaú Asset,matched,,,closed,manual (funds_subscription_status.xlsx),2026-04-08T00:00:00Z,Closed for subscriptions per manual review (funds_subscription_status.xlsx)
Absolute Vertex II,Multimercados,True,23.565.803/0001-99,Absolute Investimentos,matched,,,open,manual (funds_subscription_status.xlsx),2026-04-08T00:00:00Z,Open for subscriptions per manual review (funds_subscription_status.xlsx)
Novus Macro,Multimercados,True,14.146.726/0001-41,Novus Capital,matched,,,open,manual (funds_subscription_status.xlsx),2026-04-08T00:00:00Z,Open for subscriptions per manual review (funds_subscription_status.xlsx)
Clave Alpha,Multimercados,True,37.319.496/0001-70,Clave Capital,matched,,,open,manual (funds_subscription_status.xlsx),2026-04-08T00:00:00Z,Open for subscriptions per manual review (funds_subscription_status.xlsx)
Kínitro 30,Multimercados,True,42.731.202/0001-53,Kínitro Capital,matched,,Kinitro 30,open,manual (funds_subscription_status.xlsx),2026-04-08T00:00:00Z,Open for subscriptions per manual review (funds_subscription_status.xlsx)
Ace Capital,Multimercados,True,34.774.662/0001-30,Ace Capital,matched,,,open,manual (funds_subscription_status.xlsx),2026-04-08T00:00:00Z,Open for subscriptions per manual review (funds_subscription_status.xlsx)
Legacy Capital,Multimercados,True,32.320.730/0001-66,Legacy Capital,,,,open,manual (funds_subscription_status.xlsx),2026-04-08T00:00:00Z,Open for subscriptions per manual review (funds_subscription_status.xlsx)
Ventor Hedge,Multimercados,True,07.088.369/0001-47,Ventor Investimentos,matched,,,open,manual (funds_subscription_status.xlsx),2026-04-08T00:00:00Z,Open per manual review (funds_subscription_status.xlsx); note: CVM legacy cad_fi shows SIT=CANCELADA for this CNPJ — fund likely migrated to a new legal vehicle or continues under a different registration
SPX Nimitz,Multimercados,True,22.345.384/0001-17,SPX Capital,,,,open,manual (funds_subscription_status.xlsx),2026-04-08T00:00:00Z,Open for subscriptions per manual review (funds_subscription_status.xlsx)
Itaú Janeiro,Multimercados,True,52.116.227/0001-09,Itaú Asset,matched,,,closed,manual (funds_subscription_status.xlsx),2026-04-08T00:00:00Z,Closed for subscriptions per manual review (funds_subscription_status.xlsx)
Occam Retorno Absoluto,Multimercados,True,17.162.002/0001-80,Occam Brasil,matched,Occam Retorno Absoluto FIC FIM,Occam Retorno,open,manual (funds_subscription_status.xlsx),2026-04-08T00:00:00Z,Open for subscriptions per manual review (funds_subscription_status.xlsx)
Capstone Macro,Multimercados,True,35.726.908/0001-61,Capstone Partners,matched,,,closed,manual (funds_subscription_status.xlsx),2026-04-08T00:00:00Z,Closed for subscriptions per manual review (funds_subscription_status.xlsx)
Vinland Macro Plus,Multimercados,True,30.593.439/0001-36,Vinland Capital,matched,,,open,manual (funds_subscription_status.xlsx),2026-04-08T00:00:00Z,Open for subscriptions per manual review (funds_subscription_status.xlsx)
Gávea Macro,Multimercados,True,08.893.082/0001-52,Gávea Investimentos,matched,,,open,manual (funds_subscription_status.xlsx),2026-04-08T00:00:00Z,Open for subscriptions per manual review (funds_subscription_status.xlsx)
Kapitalo K10,Multimercados,True,29.726.133/0001-21,Kapitalo,matched,,,open,manual (funds_subscription_status.xlsx),2026-04-08T00:00:00Z,Open for subscriptions per manual review (funds_subscription_status.xlsx)
XP Macro,Multimercados,True,23.922.063/0001-09,XP Asset,matched,Main XP Macro fund; distinct from XP Macro Plus and XP Macro Institucional,,open,manual (funds_subscription_status.xlsx),2026-04-08T00:00:00Z,Open for subscriptions per manual review (funds_subscription_status.xlsx)
Ibiuna Hedge STH,Multimercados,True,15.799.713/0001-34,Ibiuna,,,,closed,manual (funds_subscription_status.xlsx),2026-04-08T00:00:00Z,Closed for subscriptions per manual review (funds_subscription_status.xlsx)
Kapitalo Zeta,Multimercados,True,12.105.992/0001-09,Kapitalo,matched,,,open,manual (funds_subscription_status.xlsx),2026-04-08T00:00:00Z,Open for subscriptions per manual review (funds_subscription_status.xlsx)
Mar Absoluto,Multimercados,True,32.397.723/0001-62,Mar Asset,matched,,,open,manual (funds_subscription_status.xlsx),2026-04-08T00:00:00Z,Open for subscriptions per manual review (funds_subscription_status.xlsx)
Vista Multiestratégia,Multimercados,True,21.646.715/0001-96,Vista Capital,matched,,Vista Multi,open,manual (funds_subscription_status.xlsx),2026-04-08T00:00:00Z,Open for subscriptions per manual review (funds_subscription_status.xlsx)
Truxt I Macro,Multimercados,True,26.277.600/0001-95,Truxt Investimentos,matched,,,open,manual (funds_subscription_status.xlsx),2026-04-08T00:00:00Z,Open for subscriptions per manual review (funds_subscription_status.xlsx)
Bahia Maraú,Multimercados,True,17.087.932/0001-16,Bahia Asset,matched,Corrected: was 09.480.816/0001-34 (Cíclotron FIM IE offshore equity fund),Bahia AM Maraú,open,manual (funds_subscription_status.xlsx),2026-04-08T00:00:00Z,Open for subscriptions per manual review (funds_subscription_status.xlsx)
Kapitalo Kappa,Multimercados,True,26.978.187/0001-96,Kapitalo,,,,open,manual (funds_subscription_status.xlsx),2026-04-08T00:00:00Z,Open for subscriptions per manual review (funds_subscription_status.xlsx)
Guepardo,Long Only,True,06.035.405/0001-41,Guepardo Investimentos,matched,,Guepardo FIC FIA,open,manual (funds_subscription_status.xlsx),2026-04-08T00:00:00Z,Open per manual review (funds_subscription_status.xlsx); note: CVM legacy cad_fi shows SIT=CANCELADA for this CNPJ — fund likely migrated to a new legal vehicle or continues under a different registration
SPX Patriot,Long Only,True,15.334.585/0001-53,SPX Capital,matched,,,open,manual (funds_subscription_status.xlsx),2026-04-08T00:00:00Z,Open for subscriptions per manual review (funds_subscription_status.xlsx)
Charles River Ações,Long Only,True,14.438.229/0001-17,Charles River,matched,,Charles River FIF Ações,closed,manual (funds_subscription_status.xlsx),2026-04-08T00:00:00Z,Closed for subscriptions per manual review (funds_subscription_status.xlsx)
Itaú Smart Ações Brasil 50,Long Only,True,35.110.510/0001-04,Itaú Asset,matched,,Itau Smart Ações Brasil 50,open,manual (funds_subscription_status.xlsx),2026-04-08T00:00:00Z,Open for subscriptions per manual review (funds_subscription_status.xlsx)
Real Investor Ações,Long Only,True,10.500.884/0001-05,Real Investor,matched,,Real Investor Resp LTDA FIF CIC Ações,open,manual (funds_subscription_status.xlsx),2026-04-08T00:00:00Z,Open for subscriptions per manual review (funds_subscription_status.xlsx)
Opportunity Lógica,Long Only,True,00.185.259/0001-54,Opportunity,matched,,Opportunity Logica,closed,manual (funds_subscription_status.xlsx),2026-04-08T00:00:00Z,Closed for subscriptions per manual review (funds_subscription_status.xlsx)
Kapitalo Tarkus,Long Only,True,28.747.685/0001-53,Kapitalo,matched,,,open,manual (funds_subscription_status.xlsx),2026-04-08T00:00:00Z,Open for subscriptions per manual review (funds_subscription_status.xlsx)
Opportunity Selection,Long Only,True,13.106.983/0001-97,Opportunity,matched,,,closed,manual (funds_subscription_status.xlsx),2026-04-08T00:00:00Z,Closed for subscriptions per manual review (funds_subscription_status.xlsx)
Zenith Vitória Régia,Long Only,True,05.384.841/0001-63,Zenith Asset,matched,,Zenith Vitoria regia,unknown,manual (funds_subscription_status.xlsx),2026-04-08T00:00:00Z,Status unconfirmed per manual review (funds_subscription_status.xlsx)
AF Invest Minas,Long Only,True,11.209.172/0001-96,AF Invest,matched,,,open,manual (funds_subscription_status.xlsx),2026-04-08T00:00:00Z,Open for subscriptions per manual review (funds_subscription_status.xlsx)
Constellation,Long Only,True,18.872.811/0001-48,Constellation Investimentos,matched,,,open,manual (funds_subscription_status.xlsx),2026-04-08T00:00:00Z,Open for subscriptions per manual review (funds_subscription_status.xlsx)
Safra Equity Portfolio Special,Long Only,True,47.178.215/0001-60,Safra Asset,matched,,,unknown,manual (funds_subscription_status.xlsx),2026-04-08T00:00:00Z,Status unconfirmed per manual review (funds_subscription_status.xlsx)
Squadra Long-Only,Long Only,True,09.412.822/0001-54,Squadra Investimentos,matched,Squadra Long-Only FIC FIA (also registered as Squadra Long Only FIF Cotas FIA),Squadra Long-Only FIC FIA,closed,manual (funds_subscription_status.xlsx),2026-04-08T00:00:00Z,Closed for subscriptions per manual review (funds_subscription_status.xlsx)
Dynamo Cougar,Long Only,True,73.232.530/0001-39,Dynamo,matched,Dynamo Cougar FIF; master is Dynamo Cougar Master FIA (37.916.879/0001-26); fund started 1993; AUM ~R$6.3bn,Dynamo Cougar FIF,closed,manual (funds_subscription_status.xlsx),2026-04-08T00:00:00Z,Closed for subscriptions per manual review (funds_subscription_status.xlsx)
Atmos Ações,Long Only,True,11.145.320/0001-56,Atmos Capital,matched,Atmos Ações FIF Cotas FIA; admin BTG Pactual; started 2009,Atmos Ações FIC FIA,closed,manual (funds_subscription_status.xlsx),2026-04-08T00:00:00Z,Closed for subscriptions per manual review (funds_subscription_status.xlsx)
Sharp Equity Value,Long Only,True,12.565.159/0001-32,Sharp Capital,matched,Sharp Equity Value Feeder FIC FIA; value investing strategy; long-only confirmed; distinct from Sharp Long Biased and Sharp Long Short,Sharp Equity Value Feeder,open,manual (funds_subscription_status.xlsx),2026-04-08T00:00:00Z,Open for subscriptions per manual review (funds_subscription_status.xlsx)
Truxt I Long Biased,Long Biased,True,26.210.505/0001-74,Truxt Investimentos,matched,,,open,manual (funds_subscription_status.xlsx),2026-04-08T00:00:00Z,Open for subscriptions per manual review (funds_subscription_status.xlsx)
SPX Falcon,Long Biased,True,16.617.768/0001-49,SPX Capital,matched,,,closed,manual (funds_subscription_status.xlsx),2026-04-08T00:00:00Z,Closed for subscriptions per manual review (funds_subscription_status.xlsx)
Pátria Long Biased,Long Biased,True,38.954.217/0001-03,Pátria Investimentos,matched,,,open,manual (funds_subscription_status.xlsx),2026-04-08T00:00:00Z,Open for subscriptions per manual review (funds_subscription_status.xlsx)
Absolute Pace Long Biased,Long Biased,True,32.073.525/0001-43,Absolute Investimentos,matched,,,closed,manual (funds_subscription_status.xlsx),2026-04-08T00:00:00Z,Closed for subscriptions per manual review (funds_subscription_status.xlsx)
Guepardo Long Biased,Long Biased,True,24.623.392/0001-03,Guepardo Investimentos,matched,,Guepardo Long Bias,open,manual (funds_subscription_status.xlsx),2026-04-08T00:00:00Z,Open for subscriptions per manual review (funds_subscription_status.xlsx)
Itaú Vértice Fundamenta LATAM,Long Biased,True,28.140.793/0001-63,Itaú Asset,matched,,Itaú Vertice Fundamenta LATAM,unknown,manual (funds_subscription_status.xlsx),2026-04-08T00:00:00Z,Status unconfirmed per manual review (funds_subscription_status.xlsx)
Ibiuna Long Biased,Long Biased,True,17.554.200/0001-99,Ibiuna,matched,,,open,manual (funds_subscription_status.xlsx),2026-04-08T00:00:00Z,Open for subscriptions per manual review (funds_subscription_status.xlsx)
Vinci Total Return,Long Biased,True,35.636.909/0001-15,Vinci Partners,matched,,,unknown,manual (funds_subscription_status.xlsx),2026-04-08T00:00:00Z,Status unconfirmed per manual review (funds_subscription_status.xlsx)
AZ Quest Top Long Biased,Long Biased,True,13.974.750/0001-06,AZ Quest,matched,AZ Quest Top Long Biased FIC FIF Ações,Az quest top long biased,open,manual (funds_subscription_status.xlsx),2026-04-08T00:00:00Z,Open for subscriptions per manual review (funds_subscription_status.xlsx)
Occam Long Biased,Long Biased,True,18.525.868/0001-70,Occam Brasil,matched,Occam Long Biased FIC FIM RL,Occam Long biased,open,manual (funds_subscription_status.xlsx),2026-04-08T00:00:00Z,Open for subscriptions per manual review (funds_subscription_status.xlsx)
JGP Equity,Long Biased,True,09.143.318/0001-04,JGP Gestão de Recursos,matched,JGP Equity FIC FIM,,open,manual (funds_subscription_status.xlsx),2026-04-08T00:00:00Z,Open for subscriptions per manual review (funds_subscription_status.xlsx)
Bahia Long Biased,Long Biased,True,23.732.231/0001-95,Bahia Asset,matched,Bahia AM Long Biased FIC FIM,Bahia AM Long Biased,unknown,manual (funds_subscription_status.xlsx),2026-04-08T00:00:00Z,Status unconfirmed per manual review (funds_subscription_status.xlsx)
Genoa Arpa,Long Biased,True,37.495.383/0001-26,Genoa Capital,matched,Genoa Capital Arpa FIC FIM,Genoa Capital Arpa,open,manual (funds_subscription_status.xlsx),2026-04-08T00:00:00Z,Open for subscriptions per manual review (funds_subscription_status.xlsx)
Itaú Optimus Long Biased,Long Biased,True,46.479.577/0001-29,Itaú Asset,matched,Itaú Optimus Long Bias Multimercado FIF DA Classe FIC RL; started 2022-07-29,Itau Optimus Long biased,unknown,CVM registro_classe (dados.cvm.gov.br/dados/FI/CAD/DADOS/registro_fundo_classe.zip),2026-04-08T15:37:55Z,Situacao='Em Funcionamento Normal'; Forma_Condominio=Aberto — open-end structure confirmed active; CVM open-data no longer publishes explicit captação_aberta flag
IP Value Hedge,Long Biased,True,11.827.579/0001-87,Investidor Profissional,matched,IP Value Hedge Partners FIC FIA BDR Nível I,,open,manual (funds_subscription_status.xlsx),2026-04-08T00:00:00Z,Open for subscriptions per manual review (funds_subscription_status.xlsx)
Polo Long Bias I,Long Biased,True,27.347.332/0001-01,Polo Capital,matched,Polo Long Bias I FIC FIM,,open,manual (funds_subscription_status.xlsx),2026-04-08T00:00:00Z,Open for subscriptions per manual review (funds_subscription_status.xlsx)
Squadra Long-Biased,Long Biased,True,09.285.146/0001-03,Squadra Investimentos,matched,Squadra Long-Biased FIC FIA (also registered as Squadra Long-Biased FI Financeiro Cotas FIA),Squadra Long-Biased FIC FIA,closed,manual (funds_subscription_status.xlsx),2026-04-08T00:00:00Z,Closed for subscriptions per manual review (funds_subscription_status.xlsx)
Sharp Long Biased,Long Biased,True,32.068.007/0001-31,Sharp Capital,matched,Sharp Long Biased Feeder FIC FIA; master is Sharp Long Biased Master FIA (32.064.571/0001-86); distinct from Sharp Long Short and Sharp Equity Value,Sharp Long Biased Feeder,open,manual (funds_subscription_status.xlsx),2026-04-08T00:00:00Z,Open for subscriptions per manual review (funds_subscription_status.xlsx)
Truxt I Long Short,Long Short,True,26.262.377/0001-02,Truxt Investimentos,matched,Truxt I Long Short FIC FIM,,open,manual (funds_subscription_status.xlsx),2026-04-08T00:00:00Z,Open for subscriptions per manual review (funds_subscription_status.xlsx)
Polo Norte I,Long Short,True,07.013.315/0001-12,Polo Capital,matched,Polo Norte I Long Short FIC FIM,,open,manual (funds_subscription_status.xlsx),2026-04-08T00:00:00Z,Open per manual review (funds_subscription_status.xlsx); note: CVM legacy cad_fi shows SIT=CANCELADA for this CNPJ — fund likely migrated to a new legal vehicle or continues under a different registration
Távola Equity Hedge,Long Short,True,40.575.693/0001-65,Távola Capital,matched,Tavola Equity Hedge 15 FI Financeiro Multimercado,,closed,manual (funds_subscription_status.xlsx),2026-04-08T00:00:00Z,Closed for subscriptions per manual review (funds_subscription_status.xlsx)
Real Investor Multimercado,Long Short,True,28.911.549/0001-57,Real Investor,matched,CVM175 class: REAL INVESTOR FIC DE FUNDO DE INVESTIMENTO FINANCEIRO MULTIMERCADO (CNPJ 28.911.549/0001-57); formerly tracked as Real Investor Long Short (CNPJ 60.335.772/0001-06 = Real Investor Long Short Plus FIC FIF Multimercado),Real Investor FIC FIF Multimercado,unknown,manual (funds_subscription_status.xlsx),2026-04-08T00:00:00Z,Status unconfirmed per manual review (funds_subscription_status.xlsx)
Oceana Equity Hedge,Long Short,True,28.777.460/0001-40,Oceana Investimentos,matched,Oceana Equity Hedge FIC FI Financeiro Ações RL (feeder); master is 15.612.413/0001-02,,unknown,manual (funds_subscription_status.xlsx),2026-04-08T00:00:00Z,Status unconfirmed per manual review (funds_subscription_status.xlsx)
Bradesco Equity Hedge,Long Short,True,38.376.759/0001-46,Bradesco Asset (BRAM),matched,Bradesco FIC FIM Equity Hedge,,open,manual (funds_subscription_status.xlsx),2026-04-08T00:00:00Z,Open for subscriptions per manual review (funds_subscription_status.xlsx)
Sharp Long Short,Long Short,True,07.279.819/0001-89,Sharp Capital,matched,Sharp Long Short FI Financeiro Multimercado,,closed,manual (funds_subscription_status.xlsx),2026-04-08T00:00:00Z,Closed for subscriptions per manual review (funds_subscription_status.xlsx)
XP Investor Equity Hedge,Long Short,True,43.761.934/0001-59,XP Asset,matched,XP Investor Equity Hedge FIC FI Financeiro Multimercado RL,,open,manual (funds_subscription_status.xlsx),2026-04-08T00:00:00Z,Open for subscriptions per manual review (funds_subscription_status.xlsx)
SPX Hornet,Long Short,True,46.997.468/0001-01,SPX Capital,matched,SPX Hornet Equity Hedge FIC FIM,,closed,manual (funds_subscription_status.xlsx),2026-04-08T00:00:00Z,Closed for subscriptions per manual review (funds_subscription_status.xlsx)
Ibiuna Long Short,Long Short,True,18.391.138/0001-24,Ibiuna,matched,Ibiuna Long Short STLS FIC FIM,,open,manual (funds_subscription_status.xlsx),2026-04-08T00:00:00Z,Open for subscriptions per manual review (funds_subscription_status.xlsx)
AZ Quest Total Return,Long Short,True,14.812.722/0001-55,AZ Quest,matched,AZ Quest Total Return FIC FI Financeiro Multimercado,,open,manual (funds_subscription_status.xlsx),2026-04-08T00:00:00Z,Open for subscriptions per manual review (funds_subscription_status.xlsx)
Bahia Una Equity Hedge,Long Short,True,61.373.421/0001-52,Bahia Asset,matched,Bahia AM Una Equity Hedge FIF CI Multimercado RL,BAHIA AM UNA EH FIF CI MULT RL | SUB CONDOMINIAL,open,manual (funds_subscription_status.xlsx),2026-04-08T00:00:00Z,Open for subscriptions per manual review (funds_subscription_status.xlsx)
Polo I,Long Short,True,05.605.879/0001-19,Polo Capital,matched,Polo I FI Financeiro da Classe FIC Ações RL; user chose Polo I over Polo II,Polo I FIC FIA,open,manual (funds_subscription_status.xlsx),2026-04-08T00:00:00Z,Open per manual review (funds_subscription_status.xlsx); note: CVM legacy cad_fi shows SIT=CANCELADA for this CNPJ — fund likely migrated to a new legal vehicle or continues under a different registration
Schroder GAIA Contour Tech,Long Short,True,35.769.107/0001-83,Schroders,matched,Schroder GAIA Contour Tech Equity Long & Short BRL FIF Multimercado IE RL; main Brazilian BRL vehicle investing in Schroder GAIA Contour Tech Equity (Luxembourg SICAV); tech-focused L/S equity,Schroder GAIA Contour Tech Equity,open,manual (funds_subscription_status.xlsx),2026-04-08T00:00:00Z,Open for subscriptions per manual review (funds_subscription_status.xlsx)
Icatu Vanguarda Crédito Privado,Crédito D<2,True,07.900.255/0001-50,Icatu Vanguarda,matched,Icatu Vanguarda Crédito Privado FI Renda Fixa LP,Icatu Vanguarda,open,manual (funds_subscription_status.xlsx),2026-04-08T00:00:00Z,Open for subscriptions per manual review (funds_subscription_status.xlsx)
AF Invest Geraes,Crédito D<2,True,09.720.734/0001-10,AF Invest,matched,AF Invest FI Renda Fixa Crédito Privado Geraes,,open,manual (funds_subscription_status.xlsx),2026-04-08T00:00:00Z,Open for subscriptions per manual review (funds_subscription_status.xlsx)
Western Asset Total Credit,Crédito D<2,True,28.320.756/0001-37,Western Asset,matched,Western Asset Total Credit Advisory FIC FI RF CP,Western Asset total credit,unknown,manual (funds_subscription_status.xlsx),2026-04-08T00:00:00Z,Status unconfirmed per manual review (funds_subscription_status.xlsx)
Drys Shelter,Crédito D<2,True,52.282.978/0001-97,Drys Capital,matched,Drys Shelter FIC de FI Financeiro RF CP LP RL (feeder),,open,manual (funds_subscription_status.xlsx),2026-04-08T00:00:00Z,Open for subscriptions per manual review (funds_subscription_status.xlsx)
AZ Quest Luce,Crédito D<2,True,23.556.185/0001-10,AZ Quest,matched,AZ Quest Luce FIC FI RF CP LP,AZ quest Luce,open,manual (funds_subscription_status.xlsx),2026-04-08T00:00:00Z,Open for subscriptions per manual review (funds_subscription_status.xlsx)
ARX Fuji,Crédito D<2,True,52.286.231/0001-07,ARX Investimentos,matched,ARX Fuji FIC de FIF RF CP Resp Ltda,,open,manual (funds_subscription_status.xlsx),2026-04-08T00:00:00Z,Open for subscriptions per manual review (funds_subscription_status.xlsx)
Cartor Insignia,Crédito D<2,True,44.434.922/0001-82,Cartor Capital,matched,Cartor Insignia FIF RF CP LP,,open,manual (funds_subscription_status.xlsx),2026-04-08T00:00:00Z,Open for subscriptions per manual review (funds_subscription_status.xlsx)
Compass Credit,Crédito D<2,True,35.408.329/0001-70,Compass Group,matched,Compass Credit Selection FIC FIF RF CP LP RL,Compass credit,unknown,manual (funds_subscription_status.xlsx),2026-04-08T00:00:00Z,Status unconfirmed per manual review (funds_subscription_status.xlsx)
Riza Lotus,Crédito D<2,True,36.498.670/0001-27,Riza Asset,matched,Riza Lotus FI Renda Fixa Referenciado DI CP,,open,manual (funds_subscription_status.xlsx),2026-04-08T00:00:00Z,Open for subscriptions per manual review (funds_subscription_status.xlsx)
Itaú Active Fix,Crédito D<2,True,38.000.771/0001-51,Itaú Asset,matched,Itaú Active Fix All RF Crédito Privado LP FIC RL,Itau Active,open,manual (funds_subscription_status.xlsx),2026-04-08T00:00:00Z,Open for subscriptions per manual review (funds_subscription_status.xlsx)
Occam Liquidez,Crédito D<2,True,46.098.897/0001-39,Occam Brasil,matched,Occam Liquidez FIC FIF RF CP RL,Occam liquidez,open,manual (funds_subscription_status.xlsx),2026-04-08T00:00:00Z,Open for subscriptions per manual review (funds_subscription_status.xlsx)
Tyton Crédito,Crédito D<46,True,31.964.159/0001-50,Tyton Capital,matched,Tyton Crédito FI Financeiro Multimercado,Tyton cred,open,manual (funds_subscription_status.xlsx),2026-04-08T00:00:00Z,Open for subscriptions per manual review (funds_subscription_status.xlsx)
Real Investor Crédito Estruturado 30,Crédito D<46,True,50.251.934/0001-74,Real Investor,matched,Real Investor Crédito Estruturado 30 FIC FIDC RL,Real investor Cred Estruturado 30,unknown,manual (funds_subscription_status.xlsx),2026-04-08T00:00:00Z,Status unconfirmed per manual review (funds_subscription_status.xlsx)
Icatu Vanguarda Credit Plus,Crédito D<46,True,32.760.042/0001-17,Icatu Vanguarda,matched,Icatu Vanguarda Credit Plus FIF CIC RF CP RL,Icatu Vnaguarda credit plus,open,manual (funds_subscription_status.xlsx),2026-04-08T00:00:00Z,Open for subscriptions per manual review (funds_subscription_status.xlsx)
SPX Seahawk,Crédito D<46,True,35.505.971/0001-78,SPX Capital,matched,SPX Seahawk FIF CIC RF CP LP RL,,open,manual (funds_subscription_status.xlsx),2026-04-08T00:00:00Z,Open for subscriptions per manual review (funds_subscription_status.xlsx)
Polo Total Credit,Crédito D<46,True,23.601.467/0001-92,Polo Capital,matched,Polo Total Credit FIC FIM,Polo total credit,open,manual (funds_subscription_status.xlsx),2026-04-08T00:00:00Z,Open for subscriptions per manual review (funds_subscription_status.xlsx)
JGP Crédito Advisory,Crédito D<46,True,28.767.162/0001-79,JGP Gestão de Crédito,matched,JGP Crédito Advisory FIF Multimercado CP RL,JGP Cred ADV,open,manual (funds_subscription_status.xlsx),2026-04-08T00:00:00Z,Open for subscriptions per manual review (funds_subscription_status.xlsx)
JGP Crédito Ecossistema 360,Crédito D>46,True,45.683.300/0001-50,JGP Gestão de Crédito,matched,JGP Crédito Ecossistema 360 Advisory FIC de FIF Multimercado CP RL,JGP CRED Ecossitema 360,unknown,manual (funds_subscription_status.xlsx),2026-04-08T00:00:00Z,Status unconfirmed per manual review (funds_subscription_status.xlsx)
Angá Crédito Estruturado,Crédito D>46,True,23.034.819/0001-75,Angá Asset,matched,Angá Crédito Estruturado FIC FI Multimercado CP,Angá Cred estruturado,open,manual (funds_subscription_status.xlsx),2026-04-08T00:00:00Z,Open for subscriptions per manual review (funds_subscription_status.xlsx)
Vinland Crédito Estruturado,Crédito D>46,True,47.640.954/0001-22,Vinland Capital,matched,Vinland Crédito Estruturado Multimercado FIC FI CP,Vinland Cred estruturado,open,manual (funds_subscription_status.xlsx),2026-04-08T00:00:00Z,Open for subscriptions per manual review (funds_subscription_status.xlsx)
Root Capital High Yield,Crédito D>46,True,34.431.610/0001-61,Root Capital,matched,Root Capital High Yield Advisory FIC FIF Multimercado CP RL; user chose High Yield,Root Cpital,open,manual (funds_subscription_status.xlsx),2026-04-08T00:00:00Z,Open for subscriptions per manual review (funds_subscription_status.xlsx)
Real Investor Crédito Estruturado 90,Crédito D>46,True,46.521.568/0001-59,Real Investor,matched,Real Investor Crédito Estruturado 90 FIC FIM CP,Real investr Cred Estrutu 90,unknown,manual (funds_subscription_status.xlsx),2026-04-08T00:00:00Z,Status unconfirmed per manual review (funds_subscription_status.xlsx)
Riza Meyenii 180,Crédito D>46,True,36.498.149/0001-90,Riza Asset,matched,Riza Meyenii 180 Advisory FIC FIM CP; user chose 180,Riza Meyenni 180,open,manual (funds_subscription_status.xlsx),2026-04-08T00:00:00Z,Open for subscriptions per manual review (funds_subscription_status.xlsx)
Pátria Crédito Estruturado,Crédito D>46,True,49.983.891/0001-32,Pátria Investimentos,matched,Pátria Crédito Estruturado 365 FIC FIM CP,Pátria cred estruturado,open,manual (funds_subscription_status.xlsx),2026-04-08T00:00:00Z,Open for subscriptions per manual review (funds_subscription_status.xlsx)
M8 Credit Strategy Plus,Crédito D>46,True,32.300.395/0001-34,M8 Partners,matched,M8 Credit Strategy Plus FIC FIM CP,M8 Credit strategy plus,open,manual (funds_subscription_status.xlsx),2026-04-08T00:00:00Z,Open for subscriptions per manual review (funds_subscription_status.xlsx)
Polo Crédito Estruturado 90,Crédito D>46,True,43.164.438/0001-18,Polo Capital,matched,Polo Crédito Estruturado 90 FIC FIM CP,Polo credito estruturado 90,open,manual (funds_subscription_status.xlsx),2026-04-08T00:00:00Z,Open for subscriptions per manual review (funds_subscription_status.xlsx)
JGP Select Premium,Crédito D>46,True,26.525.450/0001-91,JGP Gestão de Crédito,matched,JGP Select Premium FIF Multimercado CP IE RL; credit strategy despite ANBIMA Multimercado wrapper; redemption ~59-89 days,,open,manual (funds_subscription_status.xlsx),2026-04-08T00:00:00Z,Open for subscriptions per manual review (funds_subscription_status.xlsx)
Witpar,Long Only,True,16.876.874/0001-47,Witpar,matched,CVM175 class: WITPAR FUNDO DE INVESTIMENTO FINANCEIRO EM AÇÕES; Classificacao_Anbima=Ações Livre,WITPAR FIF FIA,open,manual (funds_subscription_status.xlsx),2026-04-08T00:00:00Z,Open for subscriptions per manual review (funds_subscription_status.xlsx)
Trígono Power & Yield 30,Long Only,True,40.265.153/0001-85,Trígono Capital,matched,CVM175 class: TRIGONO POWER & YIELD 30 FI FINANCEIRO EM COTAS DE FUNDOS DE INVESTIMENTO DE AÇÕES,Trigono Power & Yield 30,unknown,manual (funds_subscription_status.xlsx),2026-04-08T00:00:00Z,Status unconfirmed per manual review (funds_subscription_status.xlsx)
Asset Bank,Crédito D<46,True,44.585.287/0001-34,Asset Bank,matched,CVM175 class: ASSET BANK - FUNDO DE INVESTIMENTO EM COTAS DE FUNDOS DE INVESTIMENTO EM DIREITOS CREDITÓRIOS; multiple Asset Bank vehicles exist — this is the FIC FIDC (Aberto),Asset Bank FIC FIDC,unknown,manual (funds_subscription_status.xlsx),2026-04-08T00:00:00Z,Status unconfirmed per manual review (funds_subscription_status.xlsx)
Apuama Yara,Crédito D<46,True,34.027.976/0001-70,Apuama,matched,CVM175 class: APUAMA YARA FUNDO DE INVESTIMENTO EM COTAS DE FUNDOS DE INVESTIMENTO EM DIREITOS CREDITÓRIOS RES LIM,Apuama Yara Resp FIC FIDC,open,manual (funds_subscription_status.xlsx),2026-04-08T00:00:00Z,Open for subscriptions per manual review (funds_subscription_status.xlsx)
MCA CP,Crédito D<46,True,,,,Not found in CVM175 registro_classe or legacy cad_fi as of 2026-04-08; CNPJ unconfirmed,MCA CP FIC FIDC,open,manual (funds_subscription_status.xlsx),2026-04-08T00:00:00Z,Open for subscriptions per manual review (funds_subscription_status.xlsx)
Solis Antares Light,Crédito D<46,True,34.780.531/0001-66,Solis Capital,matched,CVM175 class: SOLIS CAPITAL ANTARES LIGHT FI EM COTAS DE FUNDOS DE INVESTIMENTO EM DIREITOS CREDITORIOS (feeder/FIC vehicle),Solis Capital Antares Light,open,manual (funds_subscription_status.xlsx),2026-04-08T00:00:00Z,Open for subscriptions per manual review (funds_subscription_status.xlsx)
